filename,capacity,checked,company,component,country,dt_actual,dt_announce,dt_cancel,dt_operational,finetune,investment_value,jobs,location,phase,reject-phase,share-investment,status,tech
LTU-03212-07563_06_04_00,,True,Applied Research Institute for Prospective Technologies (ProTech),modules,LTU,,,,,False,,,Vilnius,initial,False,False,announced,solar
SWE-01026-00582_01_03_01,,True,Northvolt,cell_manufacturing,SWE,,['06-2023'],,,False,,,Skelleftea,first expansion,True,False,actual,battery
ESP-01932-01118_01_03_00,,True,Iberdrola,deployment,ESP,,,,01-2022,False,,,Almaraz,initial,False,False,operational,battery
DEU-00620-00024_07_02_00,,True,Akasol,battery_vehicle_assembly,DEU,05-2017,,,,False,,,Langen,initial,True,False,actual,vehicle
BEL-06487-08471_01_00_00,,True,CMI Group,deployment,BEL,,,,,False,,,Seraing,initial,False,False,actual,battery
ITA-06900-07509_01_00_00,['118.2 MW'],True,Terna,deployment,ITA,12-2020,['12-2020'],,,False,,,Northern and Central Italy,initial,True,,actual,battery
SWE-01026-00582_07_02_00,,True,Northvolt,battery_vehicle_assembly,SWE,,['06-2021'],,,False,,,Skelleftea,initial,True,False,actual,vehicle
ITA-00172-00848_01_01_00,,True,Vulcan Energy,materials_refining,ITA,,01-2022,,,False,,,Cesano,initial,False,False,announced,battery
BEL-06308-01626_01_00_00,,True,Engie,deployment,BEL,07-2024,,,01-2026,False,,,Vilvoorde,initial,False,False,actual,battery
DEU-00456-00158_01_03_00,,True,Customcells,cell_manufacturing,DEU,,,,,False,,,Heilbronn,initial,True,False,announced,battery
DEU-00418-00158_01_03_00,,True,Customcells,cell_manufacturing,DEU,,,,,False,,,Gärtringen,initial,True,False,announced,battery
DEU-00057-00134_01_03_00,,True,Centre for Solar Energy and Hydrogen Research Baden-Württemberg,cell_manufacturing,DEU,03-2020,,,,False,,,Baden-Württemberg,initial,True,False,actual,battery
DEU-00213-00274_07_01_00,,True,Ford,EV_component_manufacturing,DEU,,,,,False,,3300,Cologne,initial,True,False,actual,vehicle
GBR-00225-00239_01_03_01,,True,Eve Energy,cell_manufacturing,GBR,,,,,False,,,Coventry,first expansion,False,False,announced,battery
DEU-00213-00274_01_04_00,,True,Ford,module_assembly,DEU,02-2021,,,06-2023,False,,,Cologne,initial,False,False,operational,battery
BEL-00366-00846_07_02_01,,True,Volvo Group,battery_vehicle_assembly,BEL,,,,10-2021,False,,,Ghent,first expansion,False,False,operational,vehicle
GBR-00809-00114_01_03_00,,True,Britishvolt,cell_manufacturing,GBR,,['03-2022'],,,False,,3000,Northumberland,initial,True,False,actual,battery
NOR-00032-00540_01_03_01,,True,Morrow Batteries,cell_manufacturing,NOR,,,,12-2028,False,,,Arendal,first expansion,False,False,announced,battery
HUN-00384-00702_01_03_00,,True,Samsung,cell_manufacturing,HUN,,,,,False,['500 billion won'],,Goed,initial,True,False,announced,battery
AUT-01350-00927_01_03_00,,True,Austrian Institute of Technology,cell_manufacturing,AUT,,,,,False,,,Vienna,initial,True,False,announced,battery
FRA-00274-01424_01_03_00,,True,ACC,cell_manufacturing,FRA,,,,05-2023,False,,,Douvrin,initial,False,False,operational,battery
AUT-03716-08804_01_99_00,,True,Enerox,,AUT,,,,,False,,,Austrian,initial,True,False,announced,battery
PRT-02780-02557_08_00_00,,True,Endesa,deployment,PRT,,,,,False,,,Lisbon,initial,True,False,announced,wind
PRT-00716-00705_01_01_00,,True,Savannah Resources,lithium,PRT,,,,,False,,,Mina do Barroso,initial,False,False,announced,mine
BEL-01729-01512_01_00_00,,True,Centrica,deployment,BEL,07-2023,,,03-2024,False,,,Oostende,initial,False,False,actual,battery
ESP-01281-00120_01_03_00,,True,CATL,cell_manufacturing,ESP,,['12-2024'],,,False,['€4.1 billion'],3000,Zaragoza,initial,True,,announced,battery
DEU-00546-00076_01_03_00,,True,BMW,cell_manufacturing,DEU,,,,,False,,,Kaiserslautern,initial,True,False,announced,battery
ITA-02755-02908_01_00_00,,True,FuturaSun,deployment,ITA,,,,06-2021,False,,,Cuneo,initial,False,False,operational,battery
ITA-01352-01424_01_03_00,,True,ACC,cell_manufacturing,ITA,10-2022,,,,False,,,Termoli,initial,False,False,delayed,battery
DEU-00558-07319_01_03_00,,True,Exyte Technology GmbH,cell_manufacturing,DEU,,,,,False,,,Karlsruhe,initial,True,False,operational,battery
BEL-00138-08861_02_00_00,,True,European Heat Pump Association,deployment,BEL,,,,,False,['€3 million'],,Brussels,initial,True,,announced,geothermal
BEL-02119-01420_01_00_00,,True,TotalEnergies,deployment,BEL,,,,12-2025,False,,,Feluy,initial,False,False,announced,battery
AUT-01482-00434_07_01_00,,True,Kreisel Electric,EV_component_manufacturing,AUT,,,,,False,,,Rainbach,initial,True,False,announced,vehicle
ESP-02199-02557_01_00_00,,True,Endesa,deployment,ESP,,,,,False,,,Mallorca,initial,False,False,operational,battery
SWE-01026-00582_07_04_01,,True,Northvolt,EV_recycling,SWE,,,,,False,,,Skelleftea,first expansion,True,False,actual,vehicle
ESP-00947-00832_01_03_01,,True,Volkswagen,cell_manufacturing,ESP,03-2023,,,,False,,,Sagunt,first expansion,True,False,actual,battery
BEL-00138-03023_06_04_00,,True,Hydrogenics,deployment,BEL,,,,,True,,6000,Brussels,initial,False,False,intended,solar
AUT-08218-08453_01_00_00,,True,Burgerland Energie,deployment,AUT,07-2023,,,,False,,,Schattendorf,initial,False,False,actual,battery
LVA-00922-00042_01_04_00,,True,Anodox Energy Systems,module_assembly,LVA,05-2022,,,12-2022,False,,300,Riga,initial,False,False,actual,battery
BEL-01829-01626_01_00_00,['200 MW'],True,Engie,deployment,BEL,,['04-2023'],,,False,,,Vilvorde,initial,True,False,announced,battery
ITA-01548-01296_01_03_00,,True,Sovema Spa,cell_manufacturing,ITA,,12-2022,,,False,€4.85 million,,Verona,initial,False,False,operational,battery
SWE-01026-00582_01_05_00,,True,Northvolt,recycling,SWE,,,,,False,,,Skelleftea,initial,True,False,actual,battery
BEL-01622-02993_06_00_00,,True,Heliatek,deployment,BEL,,,,,False,,,Antwerp,initial,True,False,announced,solar
PRT-06958-01587_06_00_00,,True,EDP,deployment,PRT,,,,05-2022,False,,,Alqueva hydropower dam,initial,False,False,operational,solar
FRA-00770-01424_01_03_00,,True,ACC,cell_manufacturing,FRA,,,,01-2020,False,,,Nersac,initial,False,False,operational,battery
DEU-01111-00120_01_03_01,,True,CATL,cell_manufacturing,DEU,07-2019,['07-2019'],,12-2022,False,['1.8 billion EUR'],1500,Thuringia,first expansion,True,False,operational,battery
BEL-00138-06326_07_01_00,,True,Vrije Universiteit Brussel,EV_component_manufacturing,BEL,,,,,False,,,Brussels,initial,True,False,announced,vehicle
ESP-01099-00073_01_00_00,,True,BASF,recycling,ESP,,,,,False,,,Tarragona,initial,False,False,delayed,battery
BEL-00138-00799_01_02_00,,True,Umicore,battery_materials,BEL,,,,,False,,,Brussels,initial,True,False,actual,battery
DEU-02604-00120_01_03_00,['14 GWh'],True,CATL,cell_manufacturing,DEU,,['10-2018'],,,False,['€240 million'],600,Thüringen,initial,True,False,announced,battery
ESP-00068-00768_07_00_00,,True,Tesla,retail,ESP,,,,,False,,,Barcelona,initial,True,False,announced,vehicle
DEU-00119-00768_01_03_00,,True,Tesla,cell_manufacturing,DEU,07-2020,['03-2019'],,,False,['4.5 to 6.0 billion USD'],,Brandenburg,initial,True,False,actual,battery
ITA-01339-00912_07_02_00,,True,Alfa Romeo,battery_vehicle_assembly,ITA,,,,09-2022,False,,,Naples,initial,False,False,operational,vehicle
ESP-07443-01118_06_00_00,,True,Iberdrola,deployment,ESP,,,,,False,,,Caravaca de la Cruz,initial,True,False,actual,solar
PRT-07081-07738_06_00_00,['42.5 MW'],True,Endesa Portugal,deployment,PRT,04-2022,['04-2022'],,06-2023,False,,,Alto Rabagão,initial,False,,actual,solar
DEU-00094-00391_01_03_00,,True,InoBat Auto,cell_manufacturing,DEU,,,,,False,,,Berlin,initial,True,False,announced,battery
DEU-00244-00024_01_04_01,,True,Akasol,module_assembly,DEU,,,,,False,['20 million EUR'],,Darmstadt,first expansion,True,False,actual,battery
DEU-01111-00120_07_02_00,,True,CATL,battery_vehicle_assembly,DEU,07-2019,['07-2019'],,,False,['1.8 billion EUR'],1500,Thuringia,initial,True,False,operational,vehicle
AUT-01482-00434_01_04_00,,True,Kreisel Electric,module_assembly,AUT,,,,09-2017,False,,,Rainbach,initial,False,False,operational,battery
GBR-01037-00759_01_03_00,['40 GWh'],True,Tata Group,cell_manufacturing,GBR,,['07-2023'],,,False,['£4 billion'],4000,Somerset,initial,True,False,announced,battery
DEU-00119-00768_07_02_01,,True,Tesla,battery_vehicle_assembly,DEU,07-2020,,,,False,['4.5 to 6.0 billion USD'],,Brandenburg,first expansion,True,False,actual,vehicle
DEU-00214-00274_07_02_00,,True,Ford,battery_vehicle_assembly,DEU,,,,,False,,,Cologne-Merkenich,initial,True,False,announced,vehicle
PRT-01615-01058_01_00_00,['15.6 MWh'],True,Fluence,deployment,PRT,,['11-2021'],,,False,,,Madeira,initial,True,,announced,battery
ITA-01352-01424_01_03_01,,True,ACC,cell_manufacturing,ITA,,,,,False,,,Termoli,first expansion,True,False,cancelled,battery
GBR-01377-00114_01_03_00,,True,Britishvolt,cell_manufacturing,GBR,,,,,False,,,North East England,initial,True,False,cancelled,battery
AUT-01482-00434_07_01_01,,True,Kreisel Electric,EV_component_manufacturing,AUT,,,,,False,,,Rainbach,first expansion,True,False,actual,vehicle
PRT-06958-06729_01_00_00,,True,Amorim Cork Composites,deployment,PRT,,,,05-2022,False,,,Alqueva hydropower dam,initial,True,False,operational,battery
SWE-01026-00582_07_04_00,,True,Northvolt,EV_recycling,SWE,,['06-2021'],,,False,,,Skelleftea,initial,True,False,actual,vehicle
ESP-00947-00832_01_03_00,,True,Volkswagen,cell_manufacturing,ESP,03-2023,,,06-2026,False,,3500,Sagunt,initial,False,False,actual,battery
SWE-01026-00832_01_03_00,,True,Volkswagen,cell_manufacturing,SWE,,['06-2022'],,,False,,,Skelleftea,initial,True,False,announced,battery
BEL-00138-01131_01_02_00,,True,Ionway,battery_materials,BEL,,,,06-2030,True,,,Brussels,initial,False,False,announced,battery
BEL-00181-00728_01_03_00,,True,Sonaca,cell_manufacturing,BEL,,,,,False,,,Charleroi,initial,False,False,announced,battery
DEU-00755-00702_01_03_00,,True,Samsung,cell_manufacturing,DEU,,,,,False,,,Munich,initial,True,False,announced,battery
ESP-00964-00388_01_01_00,,True,Infinity Lithium,materials_refining,ESP,,,,,False,,,San José,initial,True,,announced,battery
SWE-01026-00582_01_05_01,,True,Northvolt,recycling,SWE,,,,,False,,,Skelleftea,first expansion,True,False,actual,battery
AUT-00388-01320_01_01_00,,True,TU Graz University,materials_refining,AUT,,['12-2020'],,,False,,,Graz,initial,True,,announced,battery
FRA-00770-01424_01_03_01,,True,ACC,cell_manufacturing,FRA,,,,,False,,,Nersac,first expansion,True,False,actual,battery
DEU-01111-00120_01_03_00,,True,CATL,cell_manufacturing,DEU,07-2019,['07-2019'],,,False,['1.8 billion EUR'],1500,Thuringia,initial,True,False,actual,battery
BEL-01210-00771_07_02_00,,True,Thunder Power,battery_vehicle_assembly,BEL,,,,12-2020,False,,,Walloon,initial,False,False,announced,vehicle
DEU-00384-00702_01_03_00,,True,Samsung,cell_manufacturing,DEU,,,,,False,,,Goed,initial,True,False,announced,battery
DEU-00094-00120_01_03_00,,True,CATL,cell_manufacturing,DEU,,,,,False,,,Berlin,initial,True,False,announced,battery
BEL-00138-00799_01_02_01,,True,Umicore,battery_materials,BEL,,,,,False,,,Brussels,first expansion,True,False,actual,battery
PRT-07224-02557_01_00_00,,True,Endesa,deployment,PRT,,,,,False,,,"Alto Rabagão, Vila Real",initial,True,,announced,battery
GBR-08201-00114_01_03_00,,True,Britishvolt,cell_manufacturing,GBR,,['06-2022'],,,False,,,Midlands,initial,True,False,announced,battery
DEU-00119-00768_01_03_01,,True,Tesla,cell_manufacturing,DEU,07-2020,,,,False,['4.5 to 6.0 billion USD'],,Brandenburg,first expansion,True,False,actual,battery
ESP-00743-02350_01_02_00,,True,Lotte,battery_materials,ESP,,,,06-2025,False,,,Mont-Roig del Camp,initial,False,False,announced,battery
DEU-00244-00024_01_04_00,,True,Akasol,module_assembly,DEU,,,,,False,['20 million EUR'],,Darmstadt,initial,True,False,announced,battery
DEU-01111-00120_07_02_01,,True,CATL,battery_vehicle_assembly,DEU,07-2019,['07-2019'],,12-2022,False,['1.8 billion EUR'],1500,Thuringia,first expansion,True,False,operational,vehicle
AUT-01482-00434_01_04_01,,True,Kreisel Electric,module_assembly,AUT,09-2022,,,,False,,,Rainbach,first expansion,False,False,actual,battery
PRT-02780-02557_04_01_00,,True,Endesa,green_hydrogen,PRT,,,,,False,,,Lisbon,initial,True,False,announced,hydrogen
ITA-01490-00455_01_05_00,"['50,000 to 70,000 tons']",True,Li-Cycle,recycling,ITA,,['05-2023'],,,False,,,Sardinia,initial,True,,announced,battery
DEU-00119-00768_07_02_00,,True,Tesla,battery_vehicle_assembly,DEU,07-2020,,,,False,['4.5 to 6.0 billion USD'],,Brandenburg,initial,True,False,actual,vehicle
PRT-01615-00716_01_00_00,['15.6 MWh'],True,Siemens,deployment,PRT,11-2021,['11-2021'],,,False,,,Madeira,initial,True,,actual,battery
SWE-01026-00582_01_03_00,,True,Northvolt,cell_manufacturing,SWE,,['06-2021'],,,False,,,Skelleftea,initial,True,False,actual,battery
PRT-06958-07926_01_00_00,,True,Maetel,contractual,PRT,,,,05-2022,False,,,Alqueva hydropower dam,initial,False,False,operational,battery
GBR-01574-00239_01_03_00,['20 GWh'],True,Eve Energy,cell_manufacturing,GBR,,['03-2024'],,,False,['£1 billion'],,West Midlands,initial,True,False,announced,battery
SWE-01532-01264_01_03_00,,True,Rise Research Institutes of Sweden,cell_manufacturing,SWE,,,,,False,,,Borås,initial,True,False,actual,battery
DEU-00620-00024_07_02_01,,True,Akasol,battery_vehicle_assembly,DEU,,,,,False,,,Langen,first expansion,True,False,actual,vehicle
ITA-03951-01647_06_00_00,41.1 MW,True,Falck Renewables,deployment,ITA,05-2021,05-2021,,,False,,,Foggia,initial,False,False,announced,solar
ITA-02711-02013_01_00_00,,True,Unknown,deployment,ITA,,['10-2013'],,,False,,,Southern Italy,initial,True,,announced,battery
ESP-01198-00088_01_03_00,,True,Basquevolt,cell_manufacturing,ESP,06-2022,,,06-2025,False,,800,Vitoria-Gasteiz,initial,False,False,actual,battery
DEU-08912-00768_07_01_00,['50 GWh'],True,Tesla,EV_component_manufacturing,DEU,,,,,False,,,near Berlin,initial,True,False,announced,vehicle
BEL-00138-02082_04_01_00,,True,European Clean Hydrogen Alliance,green_hydrogen,BEL,,['09-2020'],,,False,,,Brussels,initial,True,,announced,hydrogen
PRT-07081-01587_03_00_00,,True,EDP,deployment,PRT,,,,,False,,,Alto Rabagão,initial,False,False,operational,hydroelectric
SWE-01026-00582_07_02_01,,True,Northvolt,battery_vehicle_assembly,SWE,,['06-2023'],,,False,,,Skelleftea,first expansion,True,False,actual,vehicle
BEL-01828-01626_01_00_00,,True,Engie,deployment,BEL,,,,,False,,,Kallo,initial,False,False,announced,battery
ITA-00713-07455_01_00_00,,True,MBS Consulting - Cerved Group,deployment,ITA,,,,,False,,,Milan,initial,True,False,announced,battery
PRT-00998-00582_01_01_00,"['35,000 tonnes']",True,Northvolt,materials_refining,PRT,,['12-2021'],02-2024,,False,['700 million EUR'],,Setúbal,initial,True,,cancelled,battery
FRA-00113-01424_01_03_00,,True,ACC,cell_manufacturing,FRA,,,,,False,,,Bordeaux,initial,True,False,announced,battery
DEU-00213-00274_07_01_01,,True,Ford,EV_component_manufacturing,DEU,,,,,False,,3300,Cologne,first expansion,True,False,actual,vehicle
DEU-00057-00134_01_03_01,,True,Centre for Solar Energy and Hydrogen Research Baden-Württemberg,cell_manufacturing,DEU,03-2020,,,,False,,,Baden-Württemberg,first expansion,True,False,actual,battery
GBR-00225-00239_01_03_00,,True,Eve Energy,cell_manufacturing,GBR,,,,,False,,6000,Coventry,initial,False,False,announced,battery
DEU-00213-00274_01_04_01,,True,Ford,module_assembly,DEU,,,,,False,,,Cologne,first expansion,True,False,actual,battery
BEL-00366-00846_07_02_00,,True,Volvo Group,battery_vehicle_assembly,BEL,03-2020,,,10-2020,False,,,Ghent,initial,False,False,operational,vehicle
DEU-00546-00073_01_03_00,,True,BASF,cell_manufacturing,DEU,,,,,False,,,Kaiserslautern,initial,True,False,announced,battery
GBR-00809-00114_01_03_01,,True,Britishvolt,cell_manufacturing,GBR,,['03-2022'],,,False,,,Northumberland,first expansion,True,False,actual,battery
NOR-00032-00540_01_03_00,,True,Morrow Batteries,cell_manufacturing,NOR,05-2022,,,08-2024,False,,,Arendal,initial,False,False,operational,battery
ITA-06883-07486_07_01_00,,True,Sitem Group,EV_component_manufacturing,ITA,,,,,False,,,Trevi,initial,False,False,operational,vehicle
HUN-00384-00702_01_03_01,['10 GWh'],True,Samsung,cell_manufacturing,HUN,,['08-2023'],,,False,['500 billion won'],,Goed,first expansion,True,False,actual,battery
DEU-01297-00617_07_02_00,,True,Porsche,battery_vehicle_assembly,DEU,,['09-2018'],,,False,['500 million euros'],1200,"Zuffenhausen, Stuttgart",initial,True,False,actual,vehicle
ITA-06728-07337_08_00_00,,True,Copenhagen Offshore Partners,deployment,ITA,,06-2023,,,True,,,Marsala,initial,False,False,announced,wind
FRA-00274-01424_01_03_01,,True,ACC,cell_manufacturing,FRA,,,,12-2030,False,,,Douvrin,first expansion,False,False,announced,battery
DEU-00399-00440_01_03_00,,True,LG,cell_manufacturing,DEU,,,,,False,,,Grünheide,initial,True,False,announced,battery
ITA-06827-02081_01_00_00,,True,Enel,deployment,ITA,,,,,True,,,Bergamo,initial,False,False,announced,battery
ESP-01281-10501_01_03_00,,True,Stellantis CATL,cell_manufacturing,ESP,,,,12-2026,False,,3000,Zaragoza,initial,False,False,announced,battery
ITA-05467-05905_06_00_00,32.6 MW,True,Renantis,deployment,ITA,07-2023,02-2023,,,True,,,Terzo di Aquileia,initial,False,False,actual,solar
DEU-08912-00768_01_04_00,['50 GWh'],True,Tesla,module_assembly,DEU,,,,,False,,,near Berlin,initial,True,False,announced,battery
ITA-00167-01671_01_00_00,,True,General Electric,deployment,ITA,05-2015,,,09-2015,False,,,Catania,initial,False,False,operational,battery
NOR-01502-00540_01_03_01,,True,Morrow Batteries,cell_manufacturing,NOR,05-2022,['06-2020'],,,False,['100 million EUR'],,Agder,first expansion,True,False,actual,battery
ROU-00351-00069_07_04_00,,True,Avesta Battery and Energy Engineering,EV_recycling,ROU,,,,,False,,,Galați,initial,True,False,announced,vehicle
GBR-01574-00239_01_04_00,['20 GWh'],True,Eve Energy,module_assembly,GBR,,['03-2024'],,,False,['£1 billion'],,West Midlands,initial,True,False,announced,battery
SWE-01026-00582_01_04_00,,True,Northvolt,module_assembly,SWE,,['06-2021'],,,False,,,Skelleftea,initial,True,False,actual,battery
ITA-05406-02081_01_00_00,,True,Enel,deployment,ITA,,,,,False,,,Basilicata,initial,False,False,announced,battery
ESP-07223-02557_08_00_00,,True,Endesa,deployment,ESP,07-2024,,,,False,,,Aldeavieja,initial,False,False,actual,wind
ITA-06128-04455_07_02_00,"25,000 units per model per year",True,Aehra,battery_vehicle_assembly,ITA,,,,,True,,540,Mosciano Sant'Angelo,initial,False,False,announced,vehicle
PRT-02780-02557_04_04_00,,True,Endesa,electrolysers,PRT,,,,,False,,,Lisbon,initial,True,False,announced,hydrogen
ESP-00271-00298_01_03_00,,True,Fundacion Cidetec,cell_manufacturing,ESP,12-2022,,,,False,,,Donostia-San Sebastián,initial,False,False,actual,battery
ITA-04511-05858_01_04_00,,True,Pylontech,module_assembly,ITA,,,,,False,,,Sant'Angelo di Piove di Sacco,initial,True,False,announced,battery
ROU-00351-00069_01_05_01,,True,Avesta Battery and Energy Engineering,recycling,ROU,,,,,False,,,Galați,first expansion,True,False,announced,battery
GBR-00225-00988_01_03_00,,True,Coventry Airport,cell_manufacturing,GBR,,,,,False,,,Coventry,initial,True,False,announced,battery
BEL-00366-09151_08_00_00,,True,Storm,deployment,BEL,,,,,False,,,Ghent,initial,False,False,actual,wind
PRT-04066-05154_01_00_00,,True,GreenYellow,deployment,PRT,,,,,False,,,Evora,initial,True,False,actual,battery
FRA-00113-01424_01_04_00,,True,ACC,module_assembly,FRA,,,,,False,,,Bordeaux,initial,True,False,announced,battery
DEU-00213-00274_01_03_01,,True,Ford,cell_manufacturing,DEU,,,,,False,,,Cologne,first expansion,False,False,actual,battery
DEU-01311-00970_07_02_00,['100 MWh'],True,Cellforce,battery_vehicle_assembly,DEU,,,,,False,,,near Stuttgart,initial,True,False,actual,vehicle
PRT-07224-02557_06_00_00,['42.5 MW'],True,Endesa,deployment,PRT,,['04-2022'],,,False,,,"Alto Rabagão, Vila Real",initial,True,,announced,solar
HUN-00249-00658_01_03_00,,True,Rimac,cell_manufacturing,HUN,,,,,False,,,Debrecen,initial,True,False,announced,battery
DEU-00620-00024_07_01_00,,True,Akasol,EV_component_manufacturing,DEU,05-2017,,,,False,,,Langen,initial,True,False,actual,vehicle
DEU-01150-08707_06_00_00,,True,Eberhard Karls University of Tübingen,deployment,DEU,,,,,False,,,Tübingen,initial,True,False,announced,solar
GBR-08202-00114_01_03_00,,True,Britishvolt,cell_manufacturing,GBR,,['04-2022'],,,False,,,North-east England,initial,True,False,announced,battery
BEL-00830-00063_01_00_00,,True,Aurubis,recycling,BEL,,,,,False,,,Olen,initial,False,False,announced,battery
DEU-00213-00274_07_02_00,,True,Ford,battery_vehicle_assembly,DEU,02-2021,,,06-2024,False,,3300,Cologne,initial,False,True,operational,vehicle
FRA-01587-00824_01_03_00,['16 GWh'],True,Verkor,cell_manufacturing,FRA,,['07-2020'],,,False,['1.6 billion euros'],,South of France,initial,True,False,announced,battery
ESP-01198-00088_07_01_00,,True,Basquevolt,EV_component_manufacturing,ESP,,,,,False,,,Vitoria-Gasteiz,initial,True,False,announced,vehicle
DEU-08912-00768_01_03_00,['50 GWh'],True,Tesla,cell_manufacturing,DEU,,,,,False,,,near Berlin,initial,True,False,announced,battery
BEL-00366-00846_01_04_01,,True,Volvo Group,module_assembly,BEL,,,,05-2022,False,,,Ghent,first expansion,False,False,actual,battery
HUN-07910-02598_01_00_00,,True,AEG,deployment,HUN,08-2020,,,12-2020,False,,,Békéscsaba,initial,False,False,actual,battery
ITA-03951-01647_01_00_00,,True,Falck Renewables,deployment,ITA,05-2021,05-2021,,,True,,,Foggia,initial,False,False,actual,battery
BEL-00138-00799_01_01_00,,True,Umicore,materials_refining,BEL,,,,,False,,,Brussels,initial,True,False,actual,battery
HUN-00249-08554_01_03_00,,True,Contemporary Amperex Technology Co. Ltd.,cell_manufacturing,HUN,,['12-2022'],,,False,['€7.34 billion'],,Debrecen,initial,True,False,announced,battery
LVA-00922-00042_07_02_00,,True,Anodox Energy Systems,battery_vehicle_assembly,LVA,,,,,False,,300,Riga,initial,True,False,announced,vehicle
ROU-00351-00069_01_03_00,,True,Avesta Battery and Energy Engineering,cell_manufacturing,ROU,,,,06-2026,False,,8000,Galați,initial,False,False,announced,battery
PRT-07081-02776_06_00_00,,True,Ciel & Terre,deployment,PRT,,,,,False,,,Alto Rabagão,initial,True,False,announced,solar
DEU-00942-00695_01_03_00,,True,SVOLT,cell_manufacturing,DEU,,,04-2023,,False,,,Saarland,initial,False,False,cancelled,battery
DEU-00119-00768_07_01_01,,True,Tesla,EV_component_manufacturing,DEU,07-2020,,,,False,['4.5 to 6.0 billion USD'],,Brandenburg,first expansion,True,False,actual,vehicle
PRT-01784-01587_01_00_00,,True,EDP,deployment,PRT,,,,,False,,,Alqueva,initial,True,False,actual,battery
BEL-00181-00728_01_04_00,,True,Sonaca,module_assembly,BEL,,,,,True,,,Charleroi,initial,False,False,announced,battery
DEU-00546-00602_01_03_00,['24 GWh'],True,PSA Group,cell_manufacturing,DEU,,['05-2019'],,,False,['five to six billion euros'],2000,Kaiserslautern,initial,True,False,announced,battery
BEL-01622-01420_01_00_00,,True,TotalEnergies,deployment,BEL,05-2023,,,12-2024,False,,,Antwerp,initial,False,False,actual,battery
DEU-00244-00024_07_02_01,,True,Akasol,battery_vehicle_assembly,DEU,,,,,False,['100 million EUR'],,Darmstadt,first expansion,True,False,actual,vehicle
FRA-00770-01424_01_04_01,,True,ACC,module_assembly,FRA,,,,,False,,,Nersac,first expansion,True,False,actual,battery
FRA-01586-00824_07_02_00,,True,Verkor,battery_vehicle_assembly,FRA,,,,,False,,,Near Dunkerque,initial,True,False,actual,vehicle
DEU-00755-00702_07_01_00,,True,Samsung,EV_component_manufacturing,DEU,,,,,False,,,Munich,initial,True,False,announced,vehicle
DEU-01111-00120_01_04_00,,True,CATL,module_assembly,DEU,07-2019,['07-2019'],,,False,['1.8 billion EUR'],1500,Thuringia,initial,True,False,actual,battery
DEU-00094-00120_01_04_00,,True,CATL,module_assembly,DEU,,,,,False,,,Berlin,initial,True,False,announced,battery
NLD-00018-01154_01_00_00,,True,Kryha,deployment,NLD,,,,,False,,,Amsterdam,initial,True,False,announced,battery
DEU-00244-00024_01_03_00,['1 GWh'],True,Akasol,cell_manufacturing,DEU,,,,,False,['100 million EUR'],,Darmstadt,initial,True,False,actual,battery
ESP-00947-00832_07_01_00,,True,Volkswagen,EV_component_manufacturing,ESP,02-2022,,,,False,,3500,Sagunt,initial,True,False,actual,vehicle
ITA-00167-01118_06_00_00,242.78 MWp,True,Iberdrola,deployment,ITA,,01-2024,,01-2025,False,,,Catania,initial,False,False,operational,solar
DEU-00546-00596_01_03_00,['24 GWh'],True,Opel,cell_manufacturing,DEU,,['05-2019'],,,False,['5-6 billion EUR'],2000,Kaiserslautern,initial,True,False,actual,battery
BEL-00138-02082_04_04_00,,True,European Clean Hydrogen Alliance,electrolysers,BEL,,['09-2020'],,,False,['€24-42 billion'],,Brussels,initial,True,,announced,hydrogen
DEU-00037-08554_01_03_00,['14 GWh'],True,Contemporary Amperex Technology Co. Ltd.,cell_manufacturing,DEU,01-2019,,,,False,['€1.8 billion'],,Arnstadt,initial,True,False,actual,battery
DEU-00558-01143_01_03_01,,True,Karlsruhe Institute of Technology,cell_manufacturing,DEU,,,,,False,,,Karlsruhe,first expansion,True,False,operational,battery
DEU-00454-07323_01_03_00,,True,Northvolt Germany,cell_manufacturing,DEU,,,,,False,,,Heide,initial,True,False,announced,battery
GBR-00225-00988_01_05_00,,True,Coventry Airport,recycling,GBR,,,,,False,,,Coventry,initial,True,False,announced,battery
BEL-00138-00799_01_01_01,,True,Umicore,materials_refining,BEL,,,,,False,,,Brussels,first expansion,True,False,actual,battery
DEU-01585-00821_01_03_00,,True,Varta,cell_manufacturing,DEU,06-2020,['06-2020'],,,False,,1000,Nordlingen,initial,True,False,actual,battery
DEU-00341-00261_01_03_00,,True,Farasis Energy,cell_manufacturing,DEU,,,,,False,,,Frickenhausen,initial,True,False,announced,battery
GBR-00225-01010_01_00_00,,True,EDF,deployment,GBR,,,,12-2023,False,,,Coventry,initial,False,False,operational,battery
SWE-01338-00582_01_03_00,,True,Northvolt,cell_manufacturing,SWE,,['10-2017'],,,False,['€4 billion'],,Nordic region,initial,True,False,announced,battery
GBR-01037-00759_07_01_00,['40 GWh'],True,Tata Group,EV_component_manufacturing,GBR,,['07-2023'],,,False,['£4 billion'],4000,Somerset,initial,True,False,announced,vehicle
DEU-00364-00768_07_02_00,,True,Tesla,battery_vehicle_assembly,DEU,,['06-2018'],,,False,,,German-French border,initial,True,False,announced,vehicle
ROU-00351-00069_01_03_01,,True,Avesta Battery and Energy Engineering,cell_manufacturing,ROU,,,,,False,,,Galați,first expansion,True,False,announced,battery
DEU-00804-00582_01_03_00,,True,Northvolt,cell_manufacturing,DEU,,['06-2022'],,,False,,,Northern Germany,initial,True,False,announced,battery
ROU-00351-07310_01_03_00,,True,ABEE,cell_manufacturing,ROU,,,,,False,,,Galați,initial,True,False,actual,battery
DEU-00119-00768_07_01_00,,True,Tesla,EV_component_manufacturing,DEU,07-2020,,,,False,['4.5 to 6.0 billion USD'],,Brandenburg,initial,True,False,actual,vehicle
DEU-00942-00695_01_03_01,,True,SVOLT,cell_manufacturing,DEU,,,,,False,,,Saarland,first expansion,True,False,cancelled,battery
DEU-02604-00120_07_01_00,['14 GWh'],True,CATL,EV_component_manufacturing,DEU,,['10-2018'],,,False,['€240 million'],600,Thüringen,initial,True,False,announced,vehicle
LVA-00922-00042_01_03_00,,True,Anodox Energy Systems,cell_manufacturing,LVA,,,,12-2025,False,,300,Riga,initial,False,False,announced,battery
ROU-00351-00069_07_02_00,,True,Avesta Battery and Energy Engineering,battery_vehicle_assembly,ROU,,,,,False,,8000,Galați,initial,True,False,announced,vehicle
DEU-00546-00602_01_03_01,,True,PSA Group,cell_manufacturing,DEU,,,,,False,,2000,Kaiserslautern,first expansion,True,False,announced,battery
BEL-01622-01420_01_00_01,,True,TotalEnergies,deployment,BEL,,,,,False,,,Antwerp,first expansion,True,False,announced,battery
DEU-00244-00024_07_02_00,,True,Akasol,battery_vehicle_assembly,DEU,,,,,False,['20 million EUR'],,Darmstadt,initial,True,False,actual,vehicle
ESP-01830-06130_07_01_00,,True,Sumitomo Electric Bordnetze,EV_component_manufacturing,ESP,06-2024,,,,False,,350,Cuenca,initial,False,False,actual,vehicle
FRA-00770-01424_01_04_00,,True,ACC,module_assembly,FRA,,,,,False,,,Nersac,initial,True,False,actual,battery
DEU-01111-00120_01_04_01,,True,CATL,module_assembly,DEU,07-2019,['07-2019'],,12-2022,False,['1.8 billion EUR'],1500,Thuringia,first expansion,True,False,operational,battery
LTU-03212-08160_06_04_00,,True,Via Solis,modules,LTU,,,,10-2014,False,,,Vilnius,initial,False,False,operational,solar
HUN-00249-00521_01_03_00,,True,Mercedes-Benz,cell_manufacturing,HUN,,,,,False,,,Debrecen,initial,True,False,announced,battery
DEU-00244-00024_01_03_01,,True,Akasol,cell_manufacturing,DEU,,,,,False,['20 million EUR'],,Darmstadt,first expansion,True,False,actual,battery
AUT-00388-01320_01_02_00,,True,TU Graz University,battery_materials,AUT,,['10-2020'],,,False,,,Graz,initial,True,,announced,battery
GBR-01037-00759_01_04_00,,True,Tata Group,module_assembly,GBR,,['07-2023'],,,False,['£4 billion'],4000,Somerset,initial,True,False,announced,battery
ESP-00947-00832_07_01_01,,True,Volkswagen,EV_component_manufacturing,ESP,03-2023,,,,False,,,Sagunt,first expansion,True,False,actual,vehicle
BEL-01210-00771_01_04_00,,True,Thunder Power,module_assembly,BEL,,,,,False,,,Walloon,initial,True,False,announced,battery
POL-00268-00440_01_03_00,,True,LG,cell_manufacturing,POL,01-2019,,,,False,,700,Dolnośląskie,initial,True,False,actual,battery
AUT-00388-00061_01_99_00,,True,Audi,,AUT,,,,,False,,,Graz,initial,True,,actual,battery
DEU-00546-00596_01_03_01,,True,Opel,cell_manufacturing,DEU,01-2023,['05-2019'],,,False,,2000,Kaiserslautern,first expansion,True,False,actual,battery
CZE-08641-08791_03_00_00,,True,Energy 21,deployment,CZE,,['05-2010'],,,False,,,Central and Eastern Europe,initial,True,False,actual,hydroelectric
ESP-03486-02557_06_00_00,,True,Endesa,deployment,ESP,09-2020,['09-2020'],,,False,,,southern Spain,initial,True,,actual,solar
DEU-02408-00768_07_02_00,,True,Tesla,battery_vehicle_assembly,DEU,,,,,False,,,Berlin-Brandenburg,initial,True,False,announced,vehicle
DEU-00558-01143_01_03_00,,True,Karlsruhe Institute of Technology,cell_manufacturing,DEU,,,,,False,,,Karlsruhe,initial,True,False,actual,battery
NOR-01502-00540_01_03_00,,True,Morrow Batteries,cell_manufacturing,NOR,,,,,False,,,Agder,initial,True,False,announced,battery
ESP-00766-02129_01_03_00,,True,AESC Envision,cell_manufacturing,ESP,,,,12-2025,False,,,Navalmoral de la Mata,initial,False,False,announced,battery
SWE-01026-00582_01_04_01,,True,Northvolt,module_assembly,SWE,,['06-2023'],,,False,,,Skelleftea,first expansion,True,False,actual,battery
ESP-01932-01118_01_04_00,,True,Iberdrola,module_assembly,ESP,,,,,False,,,Almaraz,initial,True,False,announced,battery
ITA-02755-02908_06_00_00,8.84 kWp,True,FuturaSun,deployment,ITA,06-2021,06-2021,,06-2021,False,,,Cuneo,initial,False,False,operational,solar
AUT-08648-08805_01_00_00,,True,Enerox Holdings Limited,deployment,AUT,,,,,False,,,Vametco Alloys mine,initial,True,False,announced,battery
ROU-00351-00069_01_05_00,,True,Avesta Battery and Energy Engineering,recycling,ROU,,,,,False,,,Galați,initial,False,False,announced,battery
GBR-00809-00114_07_01_00,,True,Britishvolt,EV_component_manufacturing,GBR,,['03-2022'],,,False,,3000,Northumberland,initial,True,False,actual,vehicle
ESP-00963-00388_01_01_00,,True,Infinity Lithium,materials_refining,ESP,,,,,False,,,San Jose,initial,False,False,delayed,battery
PRT-06958-01587_01_00_00,,True,EDP,deployment,PRT,,,,05-2022,False,,,Alqueva hydropower dam,initial,False,False,operational,battery
BEL-01622-05820_04_00_00,,True,Port of Antwerp,deployment,BEL,,,,,False,,,Antwerp,initial,True,False,announced,hydrogen
DEU-00213-00274_01_03_00,,True,Ford,cell_manufacturing,DEU,,,,,False,,,Cologne,initial,False,False,announced,battery
DEU-00418-00158_07_01_00,,True,Customcells,EV_component_manufacturing,DEU,,,,,False,,,Gärtringen,initial,True,False,announced,vehicle
DEU-00456-00158_07_01_00,,True,Customcells,EV_component_manufacturing,DEU,,,,,False,,,Heilbronn,initial,True,False,announced,vehicle
BEL-02668-01512_01_00_00,,True,Centrica,deployment,BEL,10-2023,,,06-2024,False,,,Ostend,initial,False,False,announced,battery
DEU-00620-00024_07_01_01,,True,Akasol,EV_component_manufacturing,DEU,,,,,False,,,Langen,first expansion,True,False,actual,vehicle
PRT-07081-07738_01_00_00,['16 MWh'],True,Endesa Portugal,deployment,PRT,04-2022,['04-2022'],,06-2023,False,,,Alto Rabagão,initial,False,,actual,battery
ESP-07443-01118_01_00_00,,True,Iberdrola,deployment,ESP,,,,11-2019,False,,,Caravaca de la Cruz,initial,False,False,operational,battery
DEU-00560-00080_01_03_00,,True,BMZ,cell_manufacturing,DEU,,,,,False,,,Karlstein-Großwelzheim,initial,True,False,announced,battery
GBR-00809-00114_01_04_00,,True,Britishvolt,module_assembly,GBR,,['03-2022'],,,False,,,Northumberland,initial,True,False,actual,battery
ESP-01198-00088_07_99_00,,True,Basquevolt,,ESP,,,,,False,,800,Vitoria-Gasteiz,initial,True,False,announced,vehicle
BEL-00830-00063_01_00_01,,True,Aurubis,recycling,BEL,,,,,False,,,Olen,first expansion,False,False,announced,battery
DEU-01311-00970_01_03_00,['100 MWh'],True,Cellforce,cell_manufacturing,DEU,,,,,False,,,near Stuttgart,initial,True,False,actual,battery
ITA-05465-05905_06_00_00,8.16 MW,True,Renantis,deployment,ITA,,07-2023,,,False,€8 million,,Manzano,initial,False,False,announced,solar
GBR-08094-09371_01_03_00,,True,Labour,cell_manufacturing,GBR,,['03-2023'],,,False,,,North East,initial,True,False,announced,battery
DEU-00213-00274_07_02_01,,True,Ford,battery_vehicle_assembly,DEU,,,,,False,,,Cologne,first expansion,True,False,actual,vehicle
ITA-01188-07436_06_00_00,,True,Gestore dei Servizi Energetici,deployment,ITA,,,,,False,,,Various locations,initial,True,False,actual,solar
DEU-06720-00702_01_05_00,,True,Samsung,recycling,DEU,,,,,False,,,Gera,initial,True,False,announced,battery
ESP-00068-01284_01_03_00,,True,Silence,cell_manufacturing,ESP,,,,06-2023,False,,,Barcelona,initial,False,False,operational,battery
BEL-01727-01594_01_00_00,['20 MWh'],True,EStor-Lux,deployment,BEL,06-2021,['12-2021'],,,False,,,Bastogne,initial,True,,actual,battery
BEL-00366-00846_01_04_00,,True,Volvo Group,module_assembly,BEL,,,,03-2020,False,,,Ghent,initial,False,False,operational,battery
DEU-01297-00617_01_04_00,,True,Porsche,module_assembly,DEU,,,,,False,,1200,"Zuffenhausen, Stuttgart",initial,True,False,actual,battery
AUT-00388-00900_01_01_00,,True,AVL,materials_refining,AUT,,,,,False,,,Graz,initial,True,False,announced,battery
PRT-07081-02776_03_00_00,,True,Ciel & Terre,deployment,PRT,,,,,False,,,Alto Rabagão,initial,True,False,announced,hydroelectric
AUT-00632-00803_01_00_00,,True,University of Leoben,deployment,AUT,,,,,False,,,Leoben,initial,True,False,announced,battery
ITA-00978-00399_01_03_00,45 GWh,True,Italvolt,cell_manufacturing,ITA,,02-2021,,,True,4 billion EUR,,Scarmagno,initial,False,False,actual,battery
ESP-02319-07931_06_00_00,,True,Merlin Properties,deployment,ESP,,,,,False,,,Bilbao,initial,True,False,announced,solar
GBR-00127-00020_01_03_00,['40 GWh'],True,Agratas,cell_manufacturing,GBR,,['02-2024'],,,False,,4000,Bridgwater,initial,True,False,actual,battery
LTU-07309-02881_04_01_00,,True,European Energy,green_hydrogen,LTU,,,,,False,,,Jonava,initial,True,False,announced,hydrogen
DEU-00305-00120_01_03_01,,True,CATL,cell_manufacturing,DEU,,,,,False,,,Erfurt,first expansion,False,False,actual,battery
FRA-00274-02453_01_03_01,['13 GWh'],True,Stellantis Group,cell_manufacturing,FRA,,['04-2021'],,,False,,600,Douvrin,first expansion,True,False,actual,battery
HUN-00015-00040_01_05_00,,True,Andrada Group,recycling,HUN,,,,,False,,200,Alsózsolca,initial,False,False,announced,battery
PRT-00318-00069_01_99_00,,True,Avesta Battery and Energy Engineering,,PRT,,,,,False,,,Figueira da Foz,initial,False,False,announced,battery
ITA-03951-02324_07_03_00,,True,Iveco,fuel_cell_vehicle_assembly,ITA,08-2022,,,04-2023,True,,,Foggia,initial,False,False,operational,vehicle
BEL-01282-00616_01_00_00,,True,Polestar,deployment,BEL,,,,,False,,,Zeebrugge,initial,True,False,announced,battery
ITA-06803-07409_01_00_00,85 MW,True,EP Produzione,deployment,ITA,,08-2024,,,False,,,Ferrara Energy Center,initial,False,False,announced,battery
DEU-00121-01007_01_03_00,,True,EAS,cell_manufacturing,DEU,,,,,False,,,Braunschweig,initial,True,False,actual,battery
DEU-10101-00768_07_02_00,,True,Tesla,battery_vehicle_assembly,DEU,11-2020,['01-2020'],,,False,['40.91 million EUR'],,Gruenheide,initial,True,False,actual,vehicle
PRT-06958-03070_01_00_00,,True,Isigenere,contractual,PRT,05-2022,,,05-2022,False,,,Alqueva hydropower dam,initial,False,False,operational,other
BEL-09678-04171_07_00_00,,True,Perpetum Energy,deployment,BEL,07-2019,,,,False,,,Aisemont,initial,True,False,actual,vehicle
ESP-00668-00084_07_00_00,,True,BYD,deployment,ESP,,,,,False,,,Madrid,initial,True,False,announced,vehicle
BEL-09678-04171_06_00_00,,True,Perpetum Energy,deployment,BEL,08-2019,,,07-2020,False,,,Aisemont,initial,False,False,actual,solar
GBR-00129-00114_01_03_00,,True,Britishvolt,cell_manufacturing,GBR,,['07-2021'],,,False,,,Britain,initial,True,False,announced,battery
BEL-02668-06725_01_00_00,,True,Alfen,contractual,BEL,,,,,False,,,Ostend,initial,False,False,actual,battery
DEU-00374-00768_07_02_00,,True,Tesla,battery_vehicle_assembly,DEU,,,,,False,,,GigaBerlin,initial,True,False,actual,vehicle
DEU-01067-00261_01_03_00,,True,Farasis Energy,cell_manufacturing,DEU,,,,,False,,,Stuttgart,initial,True,False,announced,battery
ITA-06827-02081_03_00_00,,True,Enel,deployment,ITA,,,,,True,,,Bergamo,initial,False,False,operational,hydroelectric
GBR-02152-06191_01_03_00,,True,Tata Motors Limited,cell_manufacturing,GBR,,,,,False,,,Bridgewater,initial,True,False,announced,battery
ITA-01847-03341_01_04_00,,True,Recom,module_assembly,ITA,,,,,False,,,Padua,initial,False,False,announced,battery
PRT-07224-02557_08_00_00,,True,Endesa,deployment,PRT,,,,,False,,,"Alto Rabagão, Vila Real",initial,True,,announced,wind
PRT-04593-05008_01_00_00,,True,Exide Technologies,deployment,PRT,,['04-2019'],,,False,,,Castanheira do Ribatejo,initial,True,,announced,battery
DEU-01150-08707_08_00_00,,True,Eberhard Karls University of Tübingen,deployment,DEU,,,,,False,,,Tübingen,initial,True,False,announced,wind
ESP-05630-02557_06_00_00,,True,Endesa,deployment,ESP,,,,,False,,,Southern Spain,initial,True,,actual,solar
ESP-00068-07931_06_00_00,,True,Merlin Properties,deployment,ESP,,,,,False,,,Barcelona,initial,True,False,announced,solar
DEU-00094-00832_01_03_00,,True,Volkswagen,cell_manufacturing,DEU,,,,,False,,,Berlin,initial,True,False,announced,battery
ESP-06625-00832_01_03_00,['40 GWh'],True,Volkswagen,cell_manufacturing,ESP,03-2023,['03-2023'],,,False,['10 billion EUR'],3000,Sagunto,initial,True,,actual,battery
ESP-00766-00228_01_03_00,,True,Envision AESC,cell_manufacturing,ESP,,,,,False,,,Navalmoral de la Mata,initial,True,False,announced,battery
ITA-01490-01620_01_00_00,,True,Energy Dome,deployment,ITA,12-2023,,,,False,,,Sardinia,initial,False,False,actual,battery
GBR-01707-00114_01_03_00,,True,Britishvolt,cell_manufacturing,GBR,,['05-2022'],,,False,['£100 million'],,Cambois,initial,True,False,announced,battery
PRT-04593-01587_06_00_00,,True,EDP,deployment,PRT,,,,,False,,,Castanheira do Ribatejo,initial,False,False,announced,solar
ITA-03732-07384_01_01_00,,True,Altamin,materials_refining,ITA,,,,,False,,,Lazio,initial,False,False,intended,battery
AUT-00138-03692_04_01_00,TEST,True,Verbund AG,green_hydrogen,AUT,TEST,TEST,TEST,['TEST'],False,['TEST'],,['TEST'],['TEST'],False,False,TEST,hydrogen
ITA-06735-07363_01_03_00,['600–800 batteries per day'],True,Pylon Technologies,cell_manufacturing,ITA,,['05-2023'],,,False,,,Veneto,initial,True,,announced,battery
DEU-06391-00391_01_04_00,['20 GWh'],True,InoBat Auto,module_assembly,DEU,,['09-2023'],,,False,,,Middle Europe,initial,True,False,announced,battery
DEU-00546-01420_01_03_00,,True,TotalEnergies,cell_manufacturing,DEU,,,,,False,,2000,Kaiserslautern,initial,True,False,announced,battery
DEU-00369-00768_01_03_00,,True,Tesla,cell_manufacturing,DEU,,,,,False,,,Giga Berlin,initial,True,False,actual,battery
SWE-01999-00582_01_03_00,,True,Northvolt,cell_manufacturing,SWE,,,,,False,,,Nordic countries,initial,True,False,announced,battery
ITA-00878-00323_01_05_00,"['50,000 to 70,000 tonnes']",True,Glencore,recycling,ITA,,['05-2023'],,,False,,,Portovesme,initial,True,,announced,battery
ESP-06681-01118_01_00_00,,True,Iberdrola,deployment,ESP,05-2019,,,,False,,,Núñez de Balboa,initial,True,False,actual,battery
ITA-06820-04901_01_00_00,500 kW/822 kWh,True,Edison,deployment,ITA,,,,11-2018,True,,,Altomonte,initial,False,False,operational,battery
DEU-01150-00970_07_01_00,['100 MWh per year'],True,Cellforce,EV_component_manufacturing,DEU,,['07-2021'],,,False,['20 to 30 million EUR'],,Tübingen,initial,True,False,announced,vehicle
ESP-00166-00771_07_02_00,,True,Thunder Power,battery_vehicle_assembly,ESP,,,,,False,,,Catalonia,initial,False,False,announced,vehicle
ITA-05632-02453_07_02_00,,True,Stellantis Group,battery_vehicle_assembly,ITA,,,,,False,,,Cassino,initial,False,False,announced,vehicle
DEU-00037-00120_01_04_01,['8 GWh'],True,CATL,module_assembly,DEU,04-2022,['04-2022'],,,False,,,Arnstadt,first expansion,True,False,actual,battery
CZE-00291-00832_01_03_00,,True,Volkswagen,cell_manufacturing,CZE,,['03-2021'],,,False,,,Eastern Europe,initial,True,False,announced,battery
ITA-04511-10497_01_03_00,,True,Pylon LifeEU,cell_manufacturing,ITA,,,,12-2023,False,,,Sant'Angelo di Piove di Sacco,initial,False,False,announced,battery
DEU-00626-00768_01_03_00,,True,Tesla,cell_manufacturing,DEU,,,,,False,,,Lausitz,initial,True,False,announced,battery
ITA-00681-00266_01_04_00,,True,Ferrari,module_assembly,ITA,,06-2022,,,False,,,Maranello,initial,False,False,announced,battery
FRA-00135-01424_01_03_00,,True,ACC,cell_manufacturing,FRA,,,,,False,,,Bruges,initial,True,False,actual,battery
FRA-00396-00824_07_01_00,,True,Verkor,EV_component_manufacturing,FRA,,,,,False,,,Grenoble,initial,True,False,actual,vehicle
ESP-07429-01118_01_00_00,,True,Iberdrola,deployment,ESP,,,,,False,,,"Almaraz, Extremadura",initial,True,,operational,battery
DEU-00620-00024_07_01_02,,True,Akasol,EV_component_manufacturing,DEU,,,,,False,,,Langen,second expansion,True,False,actual,vehicle
GBR-00127-00759_01_03_01,,True,Tata Group,cell_manufacturing,GBR,,,,,False,,,Bridgwater,first expansion,True,False,actual,battery
BEL-00366-10125_08_00_00,,True,Storm,deployment,BEL,07-2021,,,,False,,,Ghent,initial,False,False,actual,wind
ITA-00878-10496_01_05_01,,True,Glencore Li-Cycle,recycling,ITA,,,,,False,,,Portovesme,first expansion,False,False,announced,battery
DEU-01150-00617_01_03_01,['100 MWh'],True,Porsche,cell_manufacturing,DEU,,['12-2020'],,,False,,,Tübingen,first expansion,True,False,actual,battery
DEU-00094-00768_01_03_00,,True,Tesla,cell_manufacturing,DEU,01-2020,,,,False,,,Berlin,initial,True,False,actual,battery
DEU-01150-08707_03_00_00,,True,Eberhard Karls University of Tübingen,deployment,DEU,,,,,False,,,Tübingen,initial,True,False,announced,hydroelectric
DEU-00001-00159_01_05_01,,True,Cylib,recycling,DEU,,,,,False,,,Aachen,first expansion,False,False,actual,battery
HUN-00249-00120_01_04_01,,True,CATL,module_assembly,HUN,12-2022,,,,False,,,Debrecen,first expansion,True,False,actual,battery
DEU-10293-02065_01_03_00,,True,sonnen,cell_manufacturing,DEU,,,,,False,,,InnovationHub,initial,True,False,announced,battery
LTU-03212-03514_06_04_01,,True,Solitek,modules,LTU,02-2019,,,01-2020,False,,,Vilnius,first expansion,False,False,actual,solar
DEU-00094-00582_01_03_00,,True,Northvolt,cell_manufacturing,DEU,,,,,False,,,Berlin,initial,True,False,actual,battery
DEU-00001-00120_01_03_00,,True,CATL,cell_manufacturing,DEU,,,,,False,,,Aachen,initial,True,False,announced,battery
ITA-01705-01480_01_00_00,,True,Brenmiller Energy,deployment,ITA,,,,10-2022,True,,,Tuscany,initial,False,False,operational,battery
ITA-01847-03341_06_03_00,,True,Recom,cell,ITA,,,,,False,,,Padua,initial,True,False,actual,solar
LTU-07310-02881_04_01_00,,True,European Energy,green_hydrogen,LTU,,,,,False,,,Skuodas,initial,True,False,announced,hydrogen
DEU-00375-00768_01_03_00,,True,Tesla,cell_manufacturing,DEU,,,,,False,,,Gigafactory,initial,True,False,actual,battery
DEU-00755-00120_01_04_00,,True,CATL,module_assembly,DEU,,,,,False,,,Munich,initial,True,False,announced,battery
DEU-10230-00832_01_03_00,['40 GWh'],True,Volkswagen,cell_manufacturing,DEU,,['07-2021'],,,False,,,near Wolfsburg,initial,True,False,announced,battery
BEL-00830-00654_01_00_00,,True,Renault Group,deployment,BEL,,,,,False,,,Olen,initial,False,False,announced,battery
ITA-00878-00323_01_05_01,"['50,000 to 70,000 tonnes']",True,Glencore,recycling,ITA,,['05-2023'],,,False,,,Portovesme,first expansion,True,,announced,battery
DEU-00546-02453_01_03_00,,True,Stellantis Group,cell_manufacturing,DEU,,['04-2021'],,,False,,,Kaiserslautern,initial,True,False,announced,battery
DEU-00107-00261_01_03_00,,True,Farasis Energy,cell_manufacturing,DEU,,,01-2022,,False,,,Bitterfeld,initial,False,True,cancelled,battery
ITA-03951-02324_07_05_00,,True,Iveco,ICE_vehicle_production,ITA,,,,,False,,,Foggia,initial,False,False,operational,vehicle
BEL-00366-00768_07_02_00,,True,Tesla,battery_vehicle_assembly,BEL,,,,,False,,,Ghent,initial,True,False,announced,vehicle
ITA-00713-00650_01_05_00,,True,Reefilla,recycling,ITA,,07-2023,,,False,,,Milan,initial,False,False,announced,battery
ESP-02233-02075_07_00_00,,True,Carburos Metálicos,deployment,ESP,,,,,False,,,Galicia,initial,True,False,announced,vehicle
BEL-01622-00615_04_04_00,,True,Plug Power,electrolysers,BEL,,,,,False,,,Antwerp,initial,True,False,announced,hydrogen
DEU-00626-00768_07_02_00,,True,Tesla,battery_vehicle_assembly,DEU,,,,,False,,,Lausitz,initial,True,False,announced,vehicle
DEU-00037-00120_01_04_00,,True,CATL,module_assembly,DEU,10-2019,['02-2019'],,,False,['€240 million'],,Arnstadt,initial,True,False,actual,battery
ESP-07711-08029_07_00_00,,True,Renfe,deployment,ESP,,,,,False,,,Canfranc,initial,True,False,actual,vehicle
DEU-00369-00768_07_02_00,,True,Tesla,battery_vehicle_assembly,DEU,,,,,False,,,Giga Berlin,initial,True,False,actual,vehicle
SWE-08655-08808_01_03_00,,True,Enerpoly,cell_manufacturing,SWE,06-2023,,,,False,,,northern Sweden,initial,True,False,actual,battery
ESP-00767-00367_01_04_00,,True,Hyundai,module_assembly,ESP,04-2024,,,,True,,,Navarra,initial,False,False,actual,battery
PRT-00998-00315_01_01_00,,True,Galp,materials_refining,PRT,,,02-2024,,False,,,Setúbal,initial,False,False,cancelled,battery
FRA-00274-00165_01_03_00,,True,DS Automobiles,cell_manufacturing,FRA,,,,,False,,,Douvrin,initial,True,False,announced,battery
DEU-01584-01357_01_03_00,,True,University of Duisburg-Essen,cell_manufacturing,DEU,12-2022,,,,False,,,Duisburg,initial,True,False,actual,battery
GBR-01233-08859_01_03_00,,True,Eurocell,cell_manufacturing,GBR,02-2022,['02-2022'],,,False,['£600 million'],,Western Europe,initial,True,False,actual,battery
ESP-04218-08033_01_00_00,['200 MW'],True,Rolwind Renovables,deployment,ESP,,,,,False,,,Cádiz,initial,True,,announced,battery
DEU-00456-00617_01_03_00,,True,Porsche,cell_manufacturing,DEU,,,,,False,,,Heilbronn,initial,True,False,announced,battery
GBR-00127-00759_01_03_00,,True,Tata Group,cell_manufacturing,GBR,,,,06-2026,False,,,Bridgwater,initial,False,False,announced,battery
ESP-02405-00716_01_00_00,,True,Siemens,deployment,ESP,,,,,False,,,Motril,initial,False,False,announced,battery
DEU-00418-00617_01_03_00,,True,Porsche,cell_manufacturing,DEU,,,,,False,,,Gärtringen,initial,True,False,announced,battery
DEU-00001-00120_07_02_00,,True,CATL,battery_vehicle_assembly,DEU,,,,,False,,,Aachen,initial,True,False,announced,vehicle
ITA-00878-10496_01_05_00,,True,Glencore Li-Cycle,recycling,ITA,10-2023,,,,False,,,Portovesme,initial,False,False,actual,battery
AUT-01313-00434_01_04_00,,True,Kreisel Electric,module_assembly,AUT,03-2016,,,03-2017,True,,,northern Austria,initial,False,False,actual,battery
DEU-01150-00617_01_03_00,['100 MWh'],True,Porsche,cell_manufacturing,DEU,,['12-2020'],,,False,,,Tübingen,initial,True,False,announced,battery
PRT-02780-02557_01_00_00,,True,Endesa,deployment,PRT,,,,,False,,,Lisbon,initial,True,False,announced,battery
DEU-00001-00159_01_05_00,,True,Cylib,recycling,DEU,10-2022,,,09-2023,False,,,Aachen,initial,False,False,actual,battery
BEL-01727-01512_01_00_00,,True,Centrica,deployment,BEL,,,,07-2021,False,,,Bastogne,initial,False,False,actual,battery
ESP-03086-03295_01_02_00,,True,Phi4tech,battery_materials,ESP,,,,,False,,,Badajoz,initial,True,False,announced,battery
HUN-00249-00120_01_04_00,,True,CATL,module_assembly,HUN,12-2022,,,10-2024,False,,,Debrecen,initial,False,True,actual,battery
LTU-03212-03514_06_04_00,,True,Solitek,modules,LTU,,,,01-2013,False,,,Vilnius,initial,False,False,actual,solar
LTU-07524-06594_04_01_00,,True,Orlen Group,green_hydrogen,LTU,,,,,False,,,Mazeikiai,initial,True,False,announced,hydrogen
DEU-00094-00768_07_02_00,,True,Tesla,battery_vehicle_assembly,DEU,01-2020,,,,False,,,Berlin,initial,True,False,actual,vehicle
ITA-01352-02453_01_03_00,,True,Stellantis Group,cell_manufacturing,ITA,,,,,False,,,Termoli,initial,True,False,announced,battery
HUN-00249-00239_07_01_00,,True,Eve Energy,EV_component_manufacturing,HUN,10-2023,,,,False,,,Debrecen,initial,True,False,actual,vehicle
ITA-00978-00399_01_03_01,,True,Italvolt,cell_manufacturing,ITA,,02-2021,,,False,,,Scarmagno,first expansion,False,False,announced,battery
DEU-00942-10169_01_03_00,['24 GWh/year'],True,Svolt Energy Technology,cell_manufacturing,DEU,,['11-2020'],,,False,['€2 billion'],,Saarland,initial,True,False,announced,battery
ESP-00068-00084_07_00_00,,True,BYD,retail,ESP,,,,,False,,,Barcelona,initial,True,False,announced,vehicle
AUT-00388-01319_01_02_00,,True,TU Graz,battery_materials,AUT,,,,,False,,,Graz,initial,True,False,announced,battery
DEU-00305-00120_01_03_00,,True,CATL,cell_manufacturing,DEU,10-2019,,,12-2022,False,,225,Erfurt,initial,False,False,operational,battery
BEL-01827-01626_01_00_00,,True,Engie,deployment,BEL,,,,,False,,,Drogenbos,initial,False,False,announced,battery
DEU-10101-00768_01_03_00,['100 GWh'],True,Tesla,cell_manufacturing,DEU,11-2020,['11-2020'],,,False,['40.91 million EUR'],,Gruenheide,initial,True,False,actual,battery
ITA-01545-01285_07_02_00,,True,Silk EV,battery_vehicle_assembly,ITA,,,,,True,,,Emilia-Romagna,initial,False,False,announced,vehicle
FRA-00274-02453_01_03_00,['13 GWh'],True,Stellantis Group,cell_manufacturing,FRA,04-2021,['04-2021'],,,False,,600,Douvrin,initial,True,False,actual,battery
ITA-06728-01255_01_00_00,,True,Recurrent Energy,deployment,ITA,,,,,False,,,Marsala,initial,True,False,actual,battery
LTU-03212-04082_01_03_00,,True,Lithuania-based manufacturer,cell_manufacturing,LTU,,,,,False,,,Vilnius,initial,True,False,announced,battery
ESP-00668-07931_06_00_00,,True,Merlin Properties,deployment,ESP,,,,,False,,,Madrid,initial,False,False,announced,data centre
ESP-00963-00440_01_01_00,"['10,000 tonnes']",True,LG,materials_refining,ESP,,['06-2021'],,,False,,,San Jose,initial,True,,announced,battery
DEU-01188-00521_07_01_00,,True,Mercedes-Benz,EV_component_manufacturing,DEU,,['03-2021'],,,False,,,Various locations,initial,True,False,actual,vehicle
ITA-01145-02324_07_01_00,,True,Iveco,EV_component_manufacturing,ITA,,,,,False,,,Turin,initial,True,,operational,vehicle
AUT-00388-00076_01_99_00,,True,BMW,,AUT,,,,,False,,,Graz,initial,True,,actual,battery
ITA-01188-07436_08_00_00,,True,Gestore dei Servizi Energetici,deployment,ITA,,,,,False,,,Various locations,initial,True,False,announced,wind
ITA-01145-02324_01_04_00,,True,Iveco,module_assembly,ITA,,,,,False,,,Turin,initial,True,,operational,battery
HUN-00349-00084_01_04_00,,True,BYD,module_assembly,HUN,,,,,False,,100,Fót,initial,False,False,announced,battery
ITA-01339-07470_06_00_00,87 MWp,True,NextEnergy Group,deployment,ITA,09-2022,09-2022,,,True,,,Naples,initial,False,False,actual,solar
DEU-00546-00821_01_03_00,,True,Varta,cell_manufacturing,DEU,,,,,False,,,Kaiserslautern,initial,True,False,announced,battery
DEU-01174-00821_01_03_00,,True,Varta,cell_manufacturing,DEU,,,,,False,,,V4Drive,initial,True,False,announced,battery
DEU-00094-00326_01_03_00,,True,Gotion High Tech,cell_manufacturing,DEU,,,,,False,,,Berlin,initial,True,False,announced,battery
ITA-00862-00399_07_99_00,['45 GWh'],True,Italvolt,,ITA,,,,,False,,,Piedmont,initial,True,,announced,vehicle
DEU-00002-00016_01_99_00,,True,Aalen University,,DEU,11-2018,,,,False,,,Aalen,initial,True,False,actual,battery
GBR-02152-00759_07_99_00,,True,Tata Group,,GBR,,['05-2023'],,,False,,9000,Bridgewater,initial,True,False,announced,vehicle
DEU-01174-00821_07_01_00,,True,Varta,EV_component_manufacturing,DEU,,,12-2022,,False,,,V4Drive,initial,True,False,cancelled,vehicle
FRA-00274-02453_01_04_00,['13 GWh'],True,Stellantis Group,module_assembly,FRA,04-2021,['04-2021'],,,False,,600,Douvrin,initial,True,False,actual,battery
DEU-00558-01007_01_03_00,,True,EAS,cell_manufacturing,DEU,,,,,False,,,Karlsruhe,initial,True,False,announced,battery
BEL-00138-06326_04_04_00,,True,Vrije Universiteit Brussel,electrolysers,BEL,,,,,False,,,Brussels,initial,True,False,actual,hydrogen
LTU-03212-04082_01_04_00,,True,Lithuania-based manufacturer,module_assembly,LTU,,,,,False,,,Vilnius,initial,True,False,announced,battery
LTU-03212-03689_06_03_00,,True,Valoe,cell,LTU,02-2019,,,,False,,,Vilnius,initial,True,False,actual,solar
BEL-00138-03023_04_01_00,,True,Hydrogenics,green_hydrogen,BEL,,,,,False,,6000,Brussels,initial,False,False,intended,hydrogen
DEU-01188-00521_01_03_00,,True,Mercedes-Benz,cell_manufacturing,DEU,,['03-2021'],,,False,,,Various locations,initial,True,False,announced,battery
PRT-02780-02557_06_00_00,,True,Endesa,deployment,PRT,,,,,False,,,Lisbon,initial,True,False,announced,solar
HUN-00249-00120_07_04_00,,True,CATL,EV_recycling,HUN,,,,,False,,,Debrecen,initial,True,False,announced,vehicle
ESP-01281-00759_01_03_00,,True,Tata Group,cell_manufacturing,ESP,,,,,False,,,Zaragoza,initial,False,False,intended,battery
ESP-02405-00716_06_00_00,,True,Siemens,deployment,ESP,,,,,False,,,Motril,initial,False,False,announced,solar
FRA-00274-02453_07_99_01,,True,Stellantis Group,,FRA,,['04-2021'],,,False,,600,Douvrin,first expansion,True,False,actual,vehicle
AUT-00388-00900_01_02_00,,True,AVL,battery_materials,AUT,,,,,False,,,Graz,initial,True,False,announced,battery
DEU-10101-00768_07_01_00,,True,Tesla,EV_component_manufacturing,DEU,11-2020,['01-2020'],,,False,['40.91 million EUR'],,Gruenheide,initial,True,False,actual,vehicle
ITA-03732-07503_02_00_00,,True,Steam,deployment,ITA,,,,,False,,,Lazio,initial,True,,actual,geothermal
ITA-01145-00065_07_02_00,,True,Automobili Pininfarina,battery_vehicle_assembly,ITA,12-2018,,,,False,,,Turin,initial,False,False,actual,vehicle
FRA-06914-01424_01_03_00,,True,ACC,cell_manufacturing,FRA,,,,,False,,,Douvrain,initial,True,False,announced,battery
BEL-01622-00615_04_01_00,,True,Plug Power,green_hydrogen,BEL,,,,03-2024,False,,,Antwerp,initial,False,False,announced,hydrogen
ITA-00681-00266_06_00_00,"1,535 kWp",True,Ferrari,deployment,ITA,07-2022,07-2022,,,True,,,Maranello,initial,False,False,actual,solar
ITA-04511-04957_01_04_00,,True,Energy Spa,module_assembly,ITA,,,,,False,,,Sant'Angelo di Piove di Sacco,initial,True,False,announced,battery
SWE-00807-00582_01_03_00,,True,Northvolt,cell_manufacturing,SWE,,,,,False,,,Northern Sweden,initial,True,False,actual,battery
HUN-00249-00239_01_03_00,,True,Eve Energy,cell_manufacturing,HUN,10-2023,,,06-2026,False,,,Debrecen,initial,False,False,actual,battery
NLD-00019-00577_01_00_00,,True,Nissan,deployment,NLD,06-2018,,,,False,,,Amsterdam Arena,initial,False,False,actual,battery
DEU-00755-00120_01_03_00,,True,CATL,cell_manufacturing,DEU,,,,,False,,,Munich,initial,True,False,announced,battery
NLD-01188-05227_06_00_00,,True,Heineken,deployment,NLD,,,,,False,,,Various locations,initial,True,False,announced,solar
ITA-00878-00455_01_05_01,,True,Li-Cycle,recycling,ITA,,['05-2023'],,,False,,,Portovesme,first expansion,True,,announced,battery
DEU-00107-00261_01_04_00,,True,Farasis Energy,module_assembly,DEU,,,01-2022,,False,,,Bitterfeld,initial,False,True,cancelled,battery
ITA-03951-02324_07_02_00,,True,Iveco,battery_vehicle_assembly,ITA,08-2022,,,04-2023,True,,,Foggia,initial,False,False,operational,vehicle
NOR-01047-00540_01_03_01,,True,Morrow Batteries,cell_manufacturing,NOR,05-2022,['05-2022'],,,False,['€100 million'],,Southern Norway,first expansion,True,False,actual,battery
DEU-00620-00024_07_02_02,,True,Akasol,battery_vehicle_assembly,DEU,,,,,False,,,Langen,second expansion,True,False,actual,vehicle
ITA-00112-00727_01_02_00,pilot,True,Solvay,battery_materials,ITA,,,,,False,,,Bollate,initial,False,False,announced,battery
DEU-01150-01236_07_04_00,,True,Porsche eBike Performance,EV_recycling,DEU,,,,,False,,,Tübingen,initial,True,False,announced,vehicle
ITA-06804-07409_01_00_00,85 MW,True,EP Produzione,deployment,ITA,,08-2024,,,False,,,Fiume Santo,initial,False,False,announced,battery
PRT-01024-00119_01_03_00,,True,CALB,cell_manufacturing,PRT,,,,12-2025,False,,,Sines,initial,False,False,announced,battery
DEU-06391-00391_07_02_00,['20 GWh'],True,InoBat Auto,battery_vehicle_assembly,DEU,,['09-2023'],,,False,,,Middle Europe,initial,True,False,announced,vehicle
DEU-01150-00617_07_01_00,['100 MWh per year'],True,Porsche,EV_component_manufacturing,DEU,,['12-2020'],,,False,,,Tübingen,initial,True,False,announced,vehicle
DEU-00037-00120_01_03_00,['8 GWh'],True,CATL,cell_manufacturing,DEU,10-2019,['02-2019'],,,False,['€240 million'],,Arnstadt,initial,True,False,actual,battery
DEU-00546-00697_01_03_00,,True,Saft,cell_manufacturing,DEU,,['12-2019'],,,False,,2000,Kaiserslautern,initial,True,False,actual,battery
ITA-06728-01255_06_00_00,51 MW,True,Recurrent Energy,deployment,ITA,,,,07-2024,True,,,Marsala,initial,False,False,operational,solar
LTU-07389-07836_06_04_00,,True,Glassbel,modules,LTU,04-2014,,,,False,,,Klaipeda,initial,True,False,actual,solar
GBR-00129-00577_01_03_00,['9 GWh'],True,Nissan,cell_manufacturing,GBR,,['07-2021'],,,False,['1.4 billion USD'],,Britain,initial,True,False,announced,battery
PRT-07081-01587_06_00_01,,True,EDP,deployment,PRT,05-2022,,,,False,,,Alto Rabagão,first expansion,False,False,actual,solar
DEU-00418-00617_07_01_00,,True,Porsche,EV_component_manufacturing,DEU,,,,,False,,,Gärtringen,initial,True,False,announced,vehicle
ESP-07443-01127_01_04_00,,True,Ingeteam,contractual,ESP,,,,,False,,,Caravaca de la Cruz,initial,False,False,announced,battery
DEU-00456-00617_07_01_00,,True,Porsche,EV_component_manufacturing,DEU,,,,,False,,,Heilbronn,initial,True,False,announced,vehicle
DEU-00373-00768_07_02_00,,True,Tesla,battery_vehicle_assembly,DEU,10-2020,['10-2020'],,,False,,,Giga-Berlin,initial,True,False,actual,vehicle
ITA-06846-02081_03_00_00,43.4 MW,True,Enel,deployment,ITA,,,,01-1923,True,,,Valbondione,initial,False,False,operational,hydroelectric
DEU-00046-00768_01_03_00,,True,Tesla,cell_manufacturing,DEU,11-2020,,,,False,,,Austin,initial,True,False,actual,battery
AUT-00388-00331_01_00_00,,True,Graz University of Technology,deployment,AUT,,,,,False,,,Graz,initial,True,False,announced,battery
ESP-01099-02350_01_02_00,,True,Lotte,battery_materials,ESP,,,,,False,,,Tarragona,initial,True,,announced,battery
DEU-00094-07188_01_03_01,,True,Tesla Inc,cell_manufacturing,DEU,Not disclosed.,,,,False,,,Berlin,first expansion,True,False,actual,battery
ITA-01145-02324_07_04_00,,True,Iveco,EV_recycling,ITA,,,,,False,,,Turin,initial,True,,actual,vehicle
DEU-00107-00010_01_01_00,,True,AMG Lithium,materials_refining,DEU,04-2021,,,09-2024,False,,80,Bitterfeld,initial,False,False,operational,battery
HUN-00249-00120_01_03_00,,True,CATL,cell_manufacturing,HUN,12-2022,,,10-2024,False,,,Debrecen,initial,False,True,actual,battery
ITA-01339-07470_01_00_00,,True,NextEnergy Group,deployment,ITA,09-2022,09-2022,,,False,,,Naples,initial,False,False,actual,battery
FRA-00396-00824_07_02_00,,True,Verkor,battery_vehicle_assembly,FRA,,,,,False,,,Grenoble,initial,True,False,actual,vehicle
LTU-03212-03514_06_03_00,,True,Solitek,cell,LTU,,,,01-2013,False,,,Vilnius,initial,False,False,actual,solar
FRA-00274-01424_01_03_02,,True,ACC,cell_manufacturing,FRA,,,,,False,,,Douvrin,second expansion,True,False,actual,battery
ESP-01368-00963_01_03_00,,True,CIC energiGUNE,cell_manufacturing,ESP,,['06-2022'],,,False,['700 million EUR'],,Álava Technology Park,initial,True,,announced,battery
ITA-01973-01802_01_04_00,540 MWh,True,NHOA,module_assembly,ITA,,,,10-2022,True,,,Cosio Valtellino,initial,False,False,operational,battery
HUN-00249-00120_07_02_01,,True,CATL,battery_vehicle_assembly,HUN,12-2022,,,,False,,,Debrecen,first expansion,True,False,actual,vehicle
PRT-07081-07738_08_00_00,['48 MW'],True,Endesa Portugal,deployment,PRT,04-2022,['04-2022'],,06-2023,True,,,Alto Rabagão,initial,False,,actual,wind
GBR-01707-00114_01_04_00,,True,Britishvolt,module_assembly,GBR,,['05-2022'],,,False,,,Cambois,initial,True,False,announced,battery
SWE-06521-00582_01_03_00,,True,Northvolt,cell_manufacturing,SWE,,,,,False,,,Borlange,initial,True,False,announced,battery
DEU-01150-01236_01_05_00,,True,Porsche eBike Performance,recycling,DEU,,,,,False,,,Tübingen,initial,True,False,announced,battery
ESP-03086-03295_01_01_00,,True,Phi4tech,cell_manufacturing,ESP,06-2021,,,,False,,,Badajoz,initial,False,False,actual,battery
ESP-02391-08113_01_00_00,,True,Tagenergy,deployment,ESP,,,,,False,,,Asturias,initial,False,False,actual,battery
DEU-06391-00391_01_03_00,['20 GWh'],True,InoBat Auto,cell_manufacturing,DEU,,['09-2023'],,,False,,,Middle Europe,initial,True,False,announced,battery
SWE-01026-00582_01_03_02,,True,Northvolt,cell_manufacturing,SWE,,['06-2023'],,,False,,,Skelleftea,second expansion,True,False,actual,battery
ITA-06735-07363_01_04_00,['600–800 batteries per day'],True,Pylon Technologies,module_assembly,ITA,,['05-2023'],,,False,,,Veneto,initial,True,,announced,battery
ITA-00878-00455_01_05_00,"['50,000 to 70,000 tonnes']",True,Li-Cycle,recycling,ITA,,['05-2023'],,,False,,,Portovesme,initial,True,,announced,battery
AUT-01420-01037_01_01_00,,True,European Lithium,materials_refining,AUT,06-2020,,,,False,,,Wolfsberg,initial,False,False,actual,battery
NOR-01047-00540_01_03_00,,True,Morrow Batteries,cell_manufacturing,NOR,05-2022,['05-2022'],,,False,['€100 million'],,Southern Norway,initial,True,False,actual,battery
BEL-01878-01675_01_00_00,,True,Giga Storage,deployment,BEL,06-2025,,,06-2028,False,,,Dilsen-Stokkem,initial,False,False,announced,battery
AUT-06719-07324_01_05_00,,True,ProtectLiB,recycling,AUT,,,,,False,,,University of Graz,initial,True,False,actual,battery
ESP-02319-07931_01_00_00,,True,Merlin Properties,deployment,ESP,,,,,False,,,Bilbao,initial,False,False,announced,data centre
ESP-01281-02453_01_03_00,,True,Stellantis Group,cell_manufacturing,ESP,,['12-2024'],,,False,['4.1 billion EUR'],3000,Zaragoza,initial,True,,announced,battery
ESP-01932-01127_01_04_00,,True,Ingeteam,module_assembly,ESP,,,,,False,,,Almaraz,initial,True,False,announced,battery
AUT-00388-01319_01_03_00,,True,TU Graz,cell_manufacturing,AUT,,,,,False,,,Graz,initial,True,False,announced,battery
DEU-00094-00768_07_01_00,,True,Tesla,EV_component_manufacturing,DEU,01-2020,,,,False,['Several billion euros'],,Berlin,initial,True,False,actual,vehicle
ITA-04511-10497_01_04_00,,True,Pylon LifeEU,module_assembly,ITA,,,,,False,,,Sant'Angelo di Piove di Sacco,initial,True,False,announced,battery
DEU-00037-00120_01_03_01,['8 GWh'],True,CATL,cell_manufacturing,DEU,04-2022,['02-2019'],,04-2022,False,,,Arnstadt,first expansion,True,False,operational,battery
LTU-03212-03512_06_04_00,,True,SoliTek,modules,LTU,,,,,False,,,Vilnius,initial,True,False,announced,solar
FRA-00135-01424_01_04_00,,True,ACC,module_assembly,FRA,,,,,False,,,Bruges,initial,True,False,actual,battery
PRT-07081-01587_06_00_00,,True,EDP,deployment,PRT,01-2020,,,,False,,,Alto Rabagão,initial,False,False,actual,solar
DEU-00626-00768_01_04_00,,True,Tesla,module_assembly,DEU,,,,,False,,,Lausitz,initial,True,False,announced,battery
FRA-00396-00824_01_03_00,,True,Verkor,cell_manufacturing,FRA,,,,06-2023,False,,,Grenoble,initial,False,False,operational,battery
BEL-00366-00846_07_02_02,,True,Volvo Group,battery_vehicle_assembly,BEL,05-2023,,,,False,,,Ghent,second expansion,False,False,actual,vehicle
PRT-00164-00332_07_00_00,,True,Great Wall,deployment,PRT,,,,,False,,,Cascais,initial,True,False,announced,vehicle
DEU-00094-00768_01_04_00,,True,Tesla,module_assembly,DEU,01-2020,,,,False,,,Berlin,initial,True,False,actual,battery
HUN-00249-08555_01_03_00,,True,Contemporary Amperex Technology Co. Ltd. (CATL),cell_manufacturing,HUN,,,,,False,,,Debrecen,initial,True,False,announced,battery
DEU-00094-07188_01_03_00,,True,Tesla Inc,cell_manufacturing,DEU,01-2020,,,,False,['5 billion EUR'],,Berlin,initial,True,False,actual,battery
NOR-00032-00540_01_03_02,,True,Morrow Batteries,cell_manufacturing,NOR,,,,,False,,,Arendal,second expansion,True,False,actual,battery
DEU-00107-00010_01_01_01,,True,AMG Lithium,materials_refining,DEU,,,,,False,,,Bitterfeld,first expansion,False,False,announced,battery
HUN-00249-00120_01_03_01,,True,CATL,cell_manufacturing,HUN,12-2022,,,,False,,,Debrecen,first expansion,True,False,actual,battery
ESP-00068-07931_01_00_00,,True,Merlin Properties,deployment,ESP,,,,,False,,,Barcelona,initial,False,False,announced,data centre
DEU-00001-00120_01_04_00,,True,CATL,module_assembly,DEU,,,,,False,,,Aachen,initial,True,False,announced,battery
ITA-06733-02081_01_99_00,,True,Enel,deployment,ITA,,,,06-2024,True,,,Trino,initial,False,False,operational,battery
LTU-03212-03514_06_03_01,,True,Solitek,cell,LTU,02-2019,,,01-2020,False,,,Vilnius,first expansion,False,False,actual,solar
DEU-01150-00970_01_03_00,['100 MWh per year'],True,Cellforce,cell_manufacturing,DEU,,['07-2021'],,,False,['20 to 30 million EUR'],,Tübingen,initial,True,False,announced,battery
ITA-06730-02081_01_00_00,,True,Enel,deployment,ITA,,,,,False,,,Leonardo da Vinci Airport,initial,True,,announced,battery
DEU-00046-00768_07_02_00,,True,Tesla,battery_vehicle_assembly,DEU,11-2020,,,,False,,,Austin,initial,True,False,actual,vehicle
GBR-01233-01420_04_01_00,,True,TotalEnergies,green_hydrogen,GBR,,,,,False,,,Western Europe,initial,True,False,announced,hydrogen
ITA-01145-02324_01_05_00,,True,Iveco,recycling,ITA,,,,,False,,,Turin,initial,True,,operational,battery
ITA-01847-03341_06_04_00,,True,Recom,modules,ITA,,,,,False,,,Padua,initial,True,False,actual,solar
DEU-00107-08230_01_01_00,"['20,000 tonnes']",True,AMG Critical Materials,materials_refining,DEU,,,,09-2024,False,,,Bitterfeld,initial,True,False,operational,battery
HUN-00249-00120_07_02_00,,True,CATL,battery_vehicle_assembly,HUN,,,,,False,,,Debrecen,initial,True,False,announced,vehicle
GBR-01707-00114_07_01_00,,True,Britishvolt,EV_component_manufacturing,GBR,,['05-2022'],,,False,['£100 million'],,Cambois,initial,True,False,announced,vehicle
ITA-06733-02081_06_00_00,87 MW,True,Enel,deployment,ITA,10-2022,10-2022,,06-2024,False,,,Trino,initial,False,False,operational,solar
ITA-06820-04901_06_00_00,,True,Edison,deployment,ITA,,,,11-2018,True,,,Altomonte,initial,False,False,operational,solar
ESP-00068-00274_07_00_00,,True,Ford,deployment,ESP,,,,,False,,,Barcelona,initial,True,False,announced,vehicle
DEU-00305-00076_01_03_00,,True,BMW,cell_manufacturing,DEU,,,,,False,,,Erfurt,initial,True,False,announced,battery
PRT-04593-01587_01_00_00,,True,EDP,deployment,PRT,,,,,False,,,Castanheira do Ribatejo,initial,False,False,announced,battery
ITA-00724-00268_01_04_00,,True,Fiat Chrysler,module_assembly,ITA,,11-2019,,,False,,,Mirafiori,initial,False,,announced,battery
FRA-00274-02453_01_04_01,,True,Stellantis Group,module_assembly,FRA,,['04-2021'],,,False,,600,Douvrin,first expansion,True,False,actual,battery
ESP-00947-00832_01_03_02,,True,Volkswagen,cell_manufacturing,ESP,03-2023,,,,False,,,Sagunt,second expansion,True,False,actual,battery
AUT-00388-00617_01_99_00,,True,Porsche,,AUT,,,,,False,['9 million EUR'],,Graz,initial,True,,actual,battery
ESP-01368-00088_01_03_00,,True,Basquevolt,cell_manufacturing,ESP,,['06-2022'],,,False,['700 million EUR'],,Álava Technology Park,initial,True,,announced,battery
AUT-03489-08155_03_00_00,,True,Verbund,deployment,AUT,05-2021,,,06-2023,False,,,Carinthia,initial,False,False,actual,hydroelectric
ITA-02711-07509_01_00_00,,True,Terna,deployment,ITA,,['12-2020'],,,False,,,Southern Italy,initial,True,,actual,battery
ITA-00862-00399_01_03_00,['45 GWh'],True,Italvolt,cell_manufacturing,ITA,,,,,False,,,Piedmont,initial,True,,announced,battery
LTU-03212-03689_06_03_01,,True,Valoe,cell,LTU,,,,,False,,,Vilnius,first expansion,True,False,actual,solar
ESP-01691-00088_01_03_00,,True,Basquevolt,cell_manufacturing,ESP,,['06-2022'],,,False,['€700 million'],800,"Marie Curie Building, Álava Technology Park",initial,True,,announced,battery
NLD-00018-00084_01_00_00,,True,BYD,deployment,NLD,,,,,False,,,Amsterdam,initial,True,False,announced,battery
AUT-00388-01319_01_01_00,,True,TU Graz,materials_refining,AUT,,,,,False,,,Graz,initial,True,False,announced,battery
GBR-00129-00114_01_04_00,,True,Britishvolt,module_assembly,GBR,,['07-2021'],,,False,,,Britain,initial,True,False,announced,battery
DEU-01067-00261_01_04_00,,True,Farasis Energy,module_assembly,DEU,,,,,False,,,Stuttgart,initial,True,False,announced,battery
FRA-00274-02453_07_99_00,['13 GWh'],True,Stellantis Group,,FRA,04-2021,['04-2021'],,,False,,,Douvrin,initial,True,False,actual,vehicle
BEL-00366-08793_06_00_00,,True,Energy Conversion Devices,deployment,BEL,,,,,False,,,Ghent,initial,True,False,actual,solar
ITA-01847-03341_01_03_00,50 MW,True,Recom,cell_manufacturing,ITA,,,,07-2019,False,,,Padua,initial,False,False,operational,battery
DEU-01188-00521_07_02_00,,True,Mercedes-Benz,battery_vehicle_assembly,DEU,,['03-2021'],,,False,,,Various locations,initial,True,False,announced,vehicle
ITA-01145-02324_07_02_00,,True,Iveco,battery_vehicle_assembly,ITA,,,,,False,,,Turin,initial,True,,operational,vehicle
SWE-00807-00582_01_03_01,,True,Northvolt,cell_manufacturing,SWE,,,,,False,,,Northern Sweden,first expansion,True,False,actual,battery
